,Mcg, Gvh, Alm, Mit, Erl, Pox, Vac, Nuc,Label
409,0.77,0.6,0.42,0.33,0.5,0.0,0.57,0.22,1
1237,0.47,0.65,0.54,0.62,0.5,0.0,0.53,0.36,0
647,0.44,0.43,0.34,0.21,0.5,0.0,0.55,0.4,0
453,0.46,0.57,0.52,0.28,0.5,0.0,0.52,0.22,0
287,0.37,0.33,0.5,0.12,0.5,0.0,0.51,0.54,0
1077,0.4,0.36,0.32,0.16,0.5,0.0,0.51,0.27,0
805,0.78,0.82,0.56,0.21,0.5,0.0,0.69,0.22,0
648,0.38,0.48,0.51,0.13,0.5,0.0,0.5,0.32,0
1481,0.38,0.4,0.39,0.19,0.5,0.0,0.46,0.62,0
856,0.46,0.38,0.51,0.2,0.5,0.0,0.51,0.22,0
1382,0.56,0.61,0.52,0.19,0.5,0.0,0.52,0.32,0
147,0.48,0.64,0.61,0.23,0.5,0.0,0.6,0.22,0
362,0.53,0.56,0.49,0.46,0.5,0.0,0.52,0.22,0
885,0.32,0.6,0.48,0.13,0.5,0.0,0.53,0.22,0
410,0.76,0.74,0.56,0.34,0.5,0.0,0.51,0.3,1
428,0.44,0.53,0.43,0.17,0.5,0.0,0.54,0.75,0
1204,0.38,0.5,0.37,0.26,0.5,0.0,0.43,0.22,0
1203,0.46,0.38,0.47,0.22,0.5,0.0,0.52,0.27,0
1366,0.61,0.38,0.57,0.36,0.5,0.0,0.44,0.21,0
751,0.38,0.4,0.59,0.25,0.5,0.0,0.44,0.22,0
1023,0.53,0.51,0.54,0.21,0.5,0.0,0.45,0.22,0
1280,0.47,0.59,0.43,0.13,0.5,0.0,0.56,0.3,0
914,0.77,0.73,0.49,0.46,0.5,0.0,0.38,0.22,0
1215,0.44,0.39,0.53,0.14,0.5,0.0,0.54,0.44,0
750,0.43,0.44,0.64,0.19,0.5,0.0,0.38,0.33,0
403,0.89,0.82,0.6,0.49,0.5,0.0,0.55,0.22,1
1467,0.77,0.7,0.37,0.12,0.5,0.0,0.49,0.26,0
574,0.75,0.66,0.64,0.39,0.5,0.0,0.46,0.32,0
567,0.88,0.59,0.54,0.39,0.5,0.0,0.41,0.3,0
542,0.59,0.58,0.39,0.52,0.5,0.0,0.5,0.31,0
857,0.54,0.44,0.35,0.19,0.5,0.0,0.51,0.27,0
97,0.64,0.62,0.29,0.28,0.5,0.0,0.51,0.22,0
748,0.56,0.51,0.32,0.49,0.5,0.0,0.48,0.22,0
286,0.41,0.52,0.41,0.11,0.5,0.0,0.54,0.35,0
1076,0.48,0.49,0.49,0.26,0.5,0.0,0.39,0.27,0
1326,0.48,0.49,0.45,0.23,0.5,0.0,0.51,0.22,0
1344,0.56,0.48,0.5,0.17,0.5,0.0,0.51,0.26,0
884,0.37,0.47,0.49,0.12,0.5,0.0,0.47,0.31,0
919,0.37,0.48,0.67,0.37,0.5,0.0,0.56,0.62,0
670,0.53,0.43,0.57,0.24,0.5,0.0,0.39,0.28,0
114,0.47,0.32,0.64,0.3,0.5,0.0,0.63,0.22,0
1290,0.48,0.57,0.52,0.61,0.5,0.0,0.51,0.22,0
632,0.53,0.54,0.43,0.18,0.5,0.0,0.53,0.31,0
1113,0.47,0.61,0.32,0.27,0.5,0.0,0.5,0.3,0
454,0.49,0.48,0.46,0.63,0.5,0.0,0.52,0.22,0
963,0.36,0.5,0.39,0.23,0.5,0.0,0.5,0.22,0
489,0.41,0.52,0.53,0.41,0.5,0.0,0.39,0.33,0
1147,0.72,0.73,0.41,0.28,0.5,0.0,0.44,0.22,0
1340,0.41,0.53,0.41,0.15,0.5,0.0,0.54,0.25,0
1415,0.44,0.43,0.46,0.28,0.5,0.0,0.45,0.29,0
912,0.46,0.5,0.5,0.28,0.5,0.0,0.5,0.37,0
38,0.74,0.57,0.51,0.28,0.5,0.0,0.58,0.22,0
1263,0.44,0.51,0.48,0.38,0.5,0.0,0.52,0.22,0
1024,0.49,0.5,0.42,0.43,0.5,0.0,0.5,0.36,0
320,0.48,0.34,0.47,0.14,0.5,0.0,0.47,0.26,0
854,0.54,0.51,0.56,0.15,0.5,0.0,0.54,0.31,0
1439,0.28,0.27,0.5,0.14,0.5,0.0,0.5,0.28,0
472,0.66,0.54,0.49,0.16,0.5,0.0,0.54,0.36,0
104,0.53,0.51,0.55,0.05,0.5,0.0,0.45,0.25,0
931,0.31,0.5,0.54,0.32,0.5,0.0,0.53,0.31,0
1046,0.59,0.46,0.57,0.17,0.5,0.0,0.52,0.22,0
936,0.56,0.52,0.46,0.17,0.5,0.0,0.49,0.73,0
769,0.5,0.56,0.63,0.25,0.5,0.0,0.42,0.22,0
1445,0.5,0.44,0.57,0.28,0.5,0.0,0.57,0.22,0
429,0.46,0.47,0.46,0.16,0.5,0.0,0.51,0.22,0
1323,0.47,0.47,0.5,0.15,0.5,0.0,0.5,0.48,0
346,0.37,0.62,0.34,0.25,0.5,0.0,0.51,0.22,0
507,0.76,0.76,0.35,0.27,0.5,0.0,0.44,0.22,0
369,0.45,0.59,0.53,0.74,0.5,0.0,0.47,0.25,0
387,0.47,0.43,0.35,0.32,0.5,0.0,0.54,0.22,0
53,0.34,0.46,0.57,0.09,0.5,0.0,0.55,0.22,0
621,0.41,0.48,0.54,0.24,0.5,0.0,0.37,0.51,0
1141,0.5,0.63,0.45,0.13,0.5,0.0,0.45,0.32,0
991,0.57,0.35,0.5,0.43,0.5,0.0,0.53,0.22,0
886,0.46,0.56,0.56,0.25,0.5,0.0,0.43,0.22,0
855,0.51,0.51,0.32,0.27,0.5,0.0,0.54,0.22,0
989,0.49,0.48,0.52,0.24,0.5,0.0,0.5,0.22,0
1334,0.45,0.4,0.43,0.22,0.5,0.0,0.51,0.48,0
323,0.46,0.45,0.56,0.16,0.5,0.0,0.56,0.22,0
1185,0.43,0.4,0.6,0.16,0.5,0.0,0.53,0.39,0
1192,0.38,0.61,0.61,0.12,0.5,0.0,0.53,0.47,0
1296,0.51,0.47,0.41,0.44,0.5,0.0,0.5,0.22,0
1004,0.38,0.42,0.5,0.19,0.5,0.0,0.44,0.22,0
172,0.77,0.79,0.58,0.23,0.5,0.0,0.48,0.22,0
228,0.78,0.7,0.32,0.23,0.5,0.0,0.53,0.22,0
458,0.57,0.44,0.42,0.2,0.5,0.0,0.54,0.22,0
649,0.37,0.51,0.39,0.18,0.5,0.0,0.51,0.27,0
156,0.58,0.58,0.58,0.49,0.5,0.0,0.49,0.26,0
142,0.38,0.37,0.56,0.21,0.5,0.0,0.49,0.22,0
776,0.37,0.3,0.51,0.15,0.5,0.0,0.58,0.26,0
189,0.82,0.75,0.54,0.23,0.5,0.0,0.46,0.22,0
1152,0.4,0.43,0.49,0.17,0.5,0.0,0.51,0.36,0
1173,0.38,0.47,0.47,0.18,0.5,0.0,0.44,0.26,0
934,0.5,0.52,0.51,0.22,0.5,0.0,0.46,0.37,0
22,0.59,0.45,0.53,0.19,0.5,0.0,0.59,0.27,0
238,0.92,0.61,0.4,0.22,0.5,0.0,0.54,0.22,1
488,0.53,0.42,0.58,0.29,0.5,0.0,0.5,0.22,0
294,0.91,0.69,0.57,0.45,0.5,0.0,0.56,0.22,1
1226,0.63,0.56,0.45,0.58,0.5,0.0,0.51,0.22,0
668,0.42,0.53,0.57,0.17,0.5,0.0,0.49,0.22,0
475,0.74,0.56,0.35,0.36,0.5,0.0,0.51,0.25,1
150,0.32,0.42,0.52,0.24,0.5,0.0,0.6,0.22,0
1075,0.65,0.58,0.53,0.21,0.5,0.0,0.51,0.22,0
851,0.46,0.47,0.44,0.18,1.0,0.0,0.46,0.22,1
816,0.46,0.54,0.59,0.41,0.5,0.0,0.53,0.21,0
1030,0.54,0.43,0.48,0.27,0.5,0.0,0.44,0.41,0
1304,0.45,0.73,0.47,0.65,0.5,0.0,0.54,0.43,0
1426,0.58,0.64,0.42,0.3,0.5,0.0,0.54,0.22,0
1195,0.37,0.36,0.56,0.18,0.5,0.0,0.48,0.26,0
13,0.47,0.39,0.5,0.11,0.5,0.0,0.49,0.4,0
1370,0.57,0.42,0.63,0.22,0.5,0.0,0.68,0.32,0
1431,0.44,0.65,0.49,0.16,0.5,0.0,0.48,0.31,0
1302,0.5,0.49,0.59,0.47,0.5,0.0,0.49,0.36,0
1248,0.74,0.72,0.47,0.25,0.5,0.0,0.57,0.22,0
1317,0.44,0.53,0.53,0.37,0.5,0.0,0.51,0.22,0
280,0.35,0.68,0.57,0.4,0.5,0.0,0.53,0.36,0
591,0.49,0.45,0.53,0.16,0.5,0.0,0.49,0.31,0
119,0.39,0.55,0.48,0.31,0.5,0.0,0.54,0.29,0
879,0.45,0.65,0.51,0.17,0.5,0.0,0.49,0.22,0
771,0.31,0.6,0.65,0.18,0.5,0.0,0.46,0.22,0
1446,0.46,0.47,0.62,0.3,0.5,0.0,0.38,0.22,0
254,0.54,0.55,0.42,0.22,0.5,0.0,0.48,0.22,0
108,0.62,0.51,0.52,0.42,0.5,0.0,0.54,0.27,0
1471,0.39,0.56,0.34,0.18,0.5,0.0,0.49,0.22,0
726,0.61,0.46,0.54,0.11,0.5,0.0,0.47,0.22,0
357,0.43,0.44,0.3,0.18,0.5,0.0,0.51,0.22,0
155,0.52,0.56,0.54,0.53,0.5,0.0,0.45,0.22,0
894,0.57,0.51,0.34,0.13,0.5,0.0,0.53,0.27,0
1018,0.47,0.46,0.53,0.12,0.5,0.0,0.51,0.25,0
190,0.41,0.51,0.58,0.15,0.5,0.0,0.45,0.27,0
241,0.36,0.46,0.43,0.19,0.5,0.0,0.48,0.22,0
642,0.78,0.69,0.44,0.26,0.5,0.0,0.54,0.22,0
1406,0.19,0.16,0.68,0.36,0.5,0.0,0.49,0.21,0
665,0.55,0.63,0.54,0.16,0.5,0.0,0.45,0.27,0
959,0.46,0.61,0.38,0.35,0.5,0.0,0.49,0.22,0
360,0.42,0.44,0.33,0.17,0.5,0.0,0.54,0.27,0
5,0.48,0.45,0.59,0.2,0.5,0.0,0.58,0.34,0
925,0.52,0.31,0.56,0.16,0.5,0.0,0.55,0.22,0
1097,0.45,0.39,0.46,0.29,0.5,0.0,0.42,0.22,0
476,0.89,0.52,0.41,0.26,0.5,0.0,0.52,0.31,1
1027,0.42,0.45,0.75,0.21,0.5,0.0,0.48,0.22,0
1289,0.52,0.48,0.58,0.55,0.5,0.0,0.48,0.22,0
656,0.56,0.5,0.56,0.26,0.5,0.0,0.53,0.27,0
1089,0.69,0.66,0.36,0.09,0.5,0.0,0.56,0.22,0
580,0.69,0.39,0.52,0.12,0.5,0.0,0.38,0.35,0
471,0.6,0.59,0.45,0.23,0.5,0.0,0.55,0.22,0
11,0.66,0.55,0.45,0.19,0.5,0.0,0.46,0.22,0
1322,0.35,0.44,0.54,0.26,0.5,0.0,0.52,0.26,0
1466,0.4,0.4,0.43,0.19,0.5,0.83,0.48,0.22,0
1127,0.52,0.65,0.36,0.26,0.5,0.0,0.44,0.22,0
195,0.4,0.56,0.48,0.14,0.5,0.0,0.47,0.22,0
626,0.74,0.72,0.5,0.28,0.5,0.0,0.5,0.27,0
1181,0.38,0.32,0.64,0.41,0.5,0.0,0.44,0.11,0
866,0.52,0.55,0.39,0.09,1.0,0.0,0.55,0.25,0
102,0.58,0.62,0.54,0.17,0.5,0.0,0.48,0.22,0
146,0.43,0.57,0.53,0.53,0.5,0.0,0.53,0.25,0
366,0.55,0.49,0.5,0.46,0.5,0.0,0.52,0.25,0
810,0.52,0.43,0.61,0.22,0.5,0.0,0.45,0.22,0
1012,0.77,0.7,0.44,0.29,0.5,0.0,0.56,0.22,0
1098,0.32,0.3,0.57,0.38,0.5,0.0,0.5,0.25,0
1407,0.4,0.75,0.44,0.12,0.5,0.0,0.49,0.22,0
103,0.46,0.71,0.48,0.53,0.5,0.0,0.53,0.22,0
787,0.72,0.37,0.63,0.38,0.5,0.0,0.4,0.14,0
1190,0.51,0.51,0.52,0.51,0.5,0.0,0.54,0.22,0
1363,0.5,0.36,0.64,0.37,0.5,0.0,0.37,0.33,0
958,0.45,0.57,0.52,0.21,0.5,0.0,0.54,0.38,0
268,0.35,0.56,0.36,0.3,0.5,0.0,0.53,0.25,0
961,0.28,0.18,0.72,0.26,0.5,0.0,0.49,0.25,0
364,0.51,0.43,0.63,0.18,0.5,0.0,0.52,0.22,0
105,0.5,0.64,0.57,0.15,0.5,0.0,0.47,0.22,0
1343,0.45,0.48,0.56,0.56,0.5,0.0,0.47,0.22,0
926,0.49,0.6,0.42,0.18,0.5,0.0,0.58,0.28,0
1022,0.45,0.36,0.5,0.19,0.5,0.0,0.53,0.7,0
42,0.45,0.46,0.55,0.43,0.5,0.0,0.55,0.38,0
1281,0.42,0.32,0.61,0.13,0.5,0.0,0.14,0.27,0
1243,0.35,0.6,0.47,0.13,0.5,0.0,0.52,0.43,0
865,0.77,0.82,0.4,0.36,0.5,0.0,0.38,0.22,0
556,0.33,0.48,0.55,0.16,0.5,0.0,0.53,0.75,0
264,0.81,0.9,0.39,0.41,0.5,0.0,0.53,0.22,1
889,0.52,0.65,0.36,0.37,0.5,0.0,0.52,0.34,0
1172,0.39,0.58,0.47,0.18,0.5,0.0,0.48,0.22,0
784,0.36,0.56,0.52,0.18,0.5,0.0,0.45,0.16,0
1462,0.59,0.56,0.5,0.48,0.5,0.0,0.46,0.22,0
1460,0.71,0.79,0.41,0.38,0.5,0.0,0.54,0.22,0
27,0.33,0.55,0.51,0.43,0.5,0.0,0.51,0.22,0
252,0.71,0.59,0.53,0.15,0.5,0.0,0.49,0.33,0
382,0.5,0.45,0.49,0.3,0.5,0.0,0.47,0.4,0
1218,0.49,0.47,0.53,0.16,0.5,0.0,0.48,0.27,0
971,0.51,0.59,0.55,0.21,0.5,0.0,0.52,0.22,0
1403,0.38,0.42,0.31,0.35,0.5,0.0,0.52,0.22,0
804,0.73,0.6,0.47,0.2,0.5,0.0,0.72,0.22,0
778,0.57,0.43,0.52,0.3,0.5,0.0,0.37,0.11,0
300,0.34,0.66,0.51,0.16,0.5,0.0,0.47,0.33,0
17,0.45,0.4,0.5,0.16,0.5,0.0,0.5,0.22,0
861,0.59,0.55,0.57,0.18,0.5,0.0,0.51,0.22,0
1096,0.33,0.49,0.46,0.22,0.5,0.0,0.53,0.33,0
436,0.39,0.37,0.56,0.15,0.5,0.0,0.5,0.27,0
1129,0.42,0.71,0.45,0.15,0.5,0.0,0.48,0.22,0
482,0.6,0.62,0.54,0.4,0.5,0.0,0.5,0.22,0
1081,0.63,0.56,0.52,0.21,0.5,0.0,0.5,0.22,0
445,0.5,0.49,0.52,0.2,0.5,0.0,0.43,0.52,0
954,0.49,0.55,0.41,0.19,0.5,0.0,0.48,0.31,0
1372,0.46,0.35,0.69,0.18,0.5,0.0,0.3,0.25,0
655,0.49,0.71,0.54,0.13,0.5,0.0,0.58,0.22,0
72,0.5,0.52,0.59,0.3,0.5,0.0,0.51,0.35,0
714,0.36,0.48,0.5,0.13,0.5,0.0,0.49,0.6,0
1009,0.41,0.46,0.57,0.25,0.5,0.0,0.57,0.38,0
799,0.56,0.35,0.47,0.41,0.5,0.0,0.5,0.22,0
1159,0.41,0.25,0.59,0.44,0.5,0.0,0.6,0.69,0
223,0.83,0.58,0.33,0.04,0.5,0.0,0.53,0.22,1
674,0.33,0.39,0.52,0.09,0.5,0.0,0.47,0.28,0
1086,0.64,0.56,0.52,0.17,0.5,0.0,0.54,0.47,0
1038,0.57,0.36,0.51,0.25,0.5,0.0,0.54,0.25,0
333,0.37,0.22,0.64,0.35,0.5,0.0,0.47,0.22,0
399,0.43,0.52,0.53,0.52,1.0,0.0,0.49,0.22,0
1391,0.46,0.42,0.51,0.16,0.5,0.0,0.56,0.22,0
842,0.54,0.64,0.4,0.56,0.5,0.0,0.51,0.22,0
1092,0.77,0.78,0.27,0.37,0.5,0.0,0.49,0.22,0
215,0.43,0.39,0.54,0.14,0.5,0.0,0.47,0.22,0
949,0.46,0.41,0.43,0.18,0.5,0.0,0.54,0.22,0
363,0.45,0.54,0.54,0.62,0.5,0.0,0.53,0.22,0
1150,0.63,0.71,0.44,0.53,0.5,0.0,0.52,0.22,1
1126,0.58,0.44,0.45,0.32,0.5,0.0,0.52,0.37,0
653,0.54,0.53,0.48,0.14,0.5,0.0,0.49,0.33,0
1367,0.43,0.33,0.54,0.37,0.5,0.0,0.38,0.16,0
983,0.63,0.64,0.49,0.2,0.5,0.0,0.52,0.25,0
201,0.55,0.42,0.34,0.3,0.5,0.0,0.52,0.22,0
443,0.41,0.41,0.51,0.19,0.5,0.0,0.57,0.22,0
1338,0.39,0.49,0.3,0.19,0.5,0.0,0.52,0.31,0
849,0.46,0.44,0.58,0.17,0.5,0.0,0.55,0.22,0
1239,0.46,0.35,0.53,0.16,0.5,0.0,0.51,0.29,0
431,0.62,0.64,0.56,0.2,0.5,0.0,0.48,0.33,0
1083,0.46,0.52,0.51,0.13,0.5,0.0,0.47,0.22,0
877,0.42,0.43,0.67,0.7,0.5,0.0,0.42,0.25,0
586,0.5,0.51,0.57,0.27,0.5,0.0,0.48,0.22,0
852,0.44,0.71,0.5,0.21,0.5,0.0,0.54,0.27,0
386,0.65,0.61,0.39,0.3,0.5,0.0,0.57,0.28,0
1132,0.38,0.56,0.38,0.16,0.5,0.0,0.53,0.22,0
235,0.54,0.65,0.49,0.34,0.5,0.0,0.52,0.22,0
166,0.37,0.58,0.44,0.51,0.5,0.0,0.44,0.22,0
881,0.42,0.28,0.49,0.22,0.5,0.0,0.55,0.34,0
508,0.51,0.56,0.51,0.42,0.5,0.0,0.53,0.36,0
896,0.54,0.5,0.51,0.26,0.5,0.0,0.52,0.22,0
528,0.43,0.4,0.5,0.18,0.5,0.0,0.5,0.28,0
466,0.45,0.48,0.63,0.67,0.5,0.0,0.48,0.22,0
1261,0.43,0.54,0.58,0.16,0.5,0.0,0.5,0.36,0
209,0.35,0.4,0.59,0.22,0.5,0.0,0.47,0.37,0
164,0.5,0.41,0.44,0.5,0.5,0.0,0.42,0.22,0
768,0.34,0.47,0.48,0.32,0.5,0.0,0.42,0.22,0
676,0.3,0.3,0.46,0.32,0.5,0.0,0.45,0.22,0
153,0.44,0.42,0.6,0.21,0.5,0.0,0.57,0.22,0
757,0.72,0.51,0.52,0.08,0.5,0.0,0.54,0.22,0
1325,0.58,0.51,0.56,0.16,0.5,0.0,0.34,0.22,0
93,0.45,0.51,0.5,0.16,0.5,0.0,0.52,1.0,0
631,0.39,0.81,0.35,0.28,0.5,0.0,0.51,0.45,0
1389,0.39,1.0,0.38,0.41,0.5,0.0,0.5,0.27,0
1447,0.34,0.42,0.48,0.19,0.5,0.0,0.46,0.31,0
122,0.58,0.5,0.5,0.12,0.5,0.0,0.48,0.25,0
684,0.51,0.39,0.56,0.25,0.5,0.0,0.51,0.33,0
639,0.77,0.78,0.51,0.28,0.5,0.0,0.33,0.22,0
88,0.3,0.56,0.55,0.18,0.5,0.0,0.5,0.22,0
1095,0.53,0.52,0.49,0.27,0.5,0.0,0.51,0.22,0
1202,0.48,0.45,0.55,0.5,0.5,0.0,0.53,0.22,0
338,0.5,0.45,0.49,0.15,0.5,0.0,0.55,0.43,0
61,0.63,0.53,0.54,0.4,0.5,0.0,0.5,0.22,0
127,0.4,0.42,0.71,0.21,0.5,0.0,0.54,0.32,0
1146,0.38,0.44,0.57,0.14,0.5,0.0,0.53,0.52,0
870,0.3,0.33,0.55,0.12,0.5,0.0,0.53,0.38,0
811,0.52,0.43,0.61,0.22,0.5,0.0,0.45,0.22,0
694,0.48,0.48,0.56,0.18,0.5,0.0,0.58,0.22,0
1374,0.61,0.53,0.59,0.17,0.5,0.0,0.44,0.28,0
730,0.49,0.67,0.5,0.28,0.5,0.0,0.43,0.22,0
1068,0.66,0.37,0.6,0.25,0.5,0.0,0.69,0.22,0
358,0.43,0.45,0.37,0.12,0.5,0.0,0.48,0.22,0
1355,0.55,0.59,0.53,0.15,0.5,0.0,0.49,0.22,0
1,0.43,0.67,0.48,0.27,0.5,0.0,0.53,0.22,0
417,0.83,0.53,0.52,0.2,0.5,0.0,0.48,0.25,1
427,0.5,0.45,0.48,0.17,0.5,0.0,0.5,0.26,0
549,0.39,0.34,0.68,0.3,0.5,0.0,0.5,0.29,0
940,0.53,0.48,0.51,0.18,0.5,0.0,0.51,0.27,0
893,0.48,0.55,0.58,0.18,0.5,0.0,0.38,0.69,0
137,0.31,0.44,0.53,0.23,0.5,0.0,0.51,0.32,0
40,0.48,0.39,0.51,0.21,0.5,0.0,0.52,0.28,0
980,0.47,0.47,0.5,0.19,0.5,0.0,0.51,0.26,0
193,0.53,0.44,0.51,0.33,0.5,0.0,0.52,0.22,0
667,0.53,0.59,0.48,0.14,0.5,0.0,0.51,0.22,0
638,0.47,0.54,0.53,0.77,0.5,0.0,0.52,0.36,0
1069,0.36,0.51,0.51,0.17,0.5,0.0,0.52,0.22,0
234,0.71,0.56,0.39,0.27,0.5,0.0,0.52,0.22,1
213,0.38,0.48,0.59,0.22,0.5,0.0,0.46,0.22,0
68,0.67,0.62,0.4,0.43,0.5,0.83,0.5,0.22,0
165,0.5,0.4,0.56,0.7,0.5,0.0,0.5,0.22,0
541,0.36,0.39,0.55,0.26,0.5,0.0,0.49,0.22,0
1169,0.25,0.4,0.52,0.15,0.5,0.0,0.56,0.28,0
1244,0.77,0.8,0.51,0.4,1.0,0.0,0.54,0.22,0
1273,0.34,0.34,0.61,0.18,0.5,0.0,0.52,0.32,0
319,0.57,0.59,0.5,0.58,0.5,0.0,0.53,0.22,0
547,0.48,0.54,0.53,0.6,0.5,0.0,0.53,0.31,0
1212,0.37,0.46,0.4,0.27,0.5,0.0,0.45,0.22,0
1342,0.42,0.28,0.51,0.23,0.5,0.0,0.53,0.27,0
1177,0.6,0.61,0.54,0.11,0.5,0.0,0.46,0.22,0
1186,0.65,0.54,0.54,0.13,0.5,0.0,0.53,0.22,0
452,0.32,0.47,0.55,0.25,0.5,0.0,0.49,0.22,0
229,0.55,0.46,0.53,0.11,0.5,0.0,0.52,0.48,0
37,0.74,0.75,0.58,0.47,0.5,0.0,0.4,0.35,1
761,0.48,0.45,0.63,0.19,0.5,0.0,0.58,0.22,0
1337,0.97,0.71,0.29,0.42,0.5,0.0,0.35,0.22,1
135,0.39,0.42,0.38,0.4,0.5,0.0,0.49,0.47,0
1328,0.49,0.27,0.57,0.18,0.5,0.83,0.54,0.22,0
157,0.72,0.61,0.37,0.3,0.5,0.0,0.57,0.22,0
21,0.46,0.53,0.52,0.15,0.5,0.0,0.58,0.22,0
368,0.5,0.53,0.45,0.44,0.5,0.0,0.49,0.22,0
207,0.36,0.68,0.38,0.08,0.5,0.0,0.53,0.25,0
434,0.5,0.34,0.62,0.19,0.5,0.0,0.57,0.22,0
563,0.51,0.34,0.49,0.16,0.5,0.0,0.53,0.21,0
923,0.5,0.43,0.5,0.17,0.5,0.0,0.46,0.47,0
158,0.46,0.43,0.38,0.33,0.5,0.0,0.48,0.28,0
796,0.34,0.34,0.65,0.4,0.5,0.0,0.32,0.16,0
1346,0.49,0.45,0.57,0.24,0.5,0.0,0.47,0.38,0
467,0.66,0.52,0.52,0.44,0.5,0.0,0.56,0.27,0
1284,0.81,0.76,0.32,0.37,0.5,0.0,0.51,0.22,1
583,0.5,0.5,0.54,0.16,0.5,0.0,0.49,0.22,0
839,0.52,0.54,0.47,0.49,0.5,0.0,0.54,0.22,0
603,0.28,0.46,0.26,0.18,0.5,0.0,0.39,0.22,0
12,0.46,0.44,0.52,0.11,0.5,0.0,0.5,0.22,0
225,0.52,0.54,0.5,0.21,0.5,0.0,0.48,0.3,0
321,0.35,0.4,0.53,0.18,0.5,0.0,0.42,0.38,0
492,0.57,0.61,0.55,0.27,0.5,0.0,0.44,0.21,0
1345,0.32,0.48,0.49,0.17,0.5,0.0,0.47,0.22,0
325,0.37,0.34,0.58,0.24,0.5,0.0,0.44,0.18,0
860,0.37,0.42,0.46,0.15,0.5,0.0,0.51,0.31,1
622,0.46,0.46,0.53,0.23,0.5,0.0,0.51,0.22,0
1476,0.77,0.68,0.35,0.19,0.5,0.0,0.53,0.43,0
1283,0.32,0.36,0.34,0.19,0.5,0.0,0.55,0.26,0
1246,0.63,0.62,0.42,0.12,0.5,0.0,0.52,0.25,0
1272,0.38,0.46,0.52,0.75,0.5,0.0,0.5,0.26,0
305,0.55,0.41,0.56,0.21,0.5,0.0,0.52,0.22,0
546,0.53,0.61,0.51,0.49,0.5,0.0,0.54,0.27,0
783,0.44,0.56,0.52,0.18,0.5,0.0,0.5,0.11,0
875,0.56,0.59,0.45,0.15,0.5,0.0,0.54,0.22,0
1416,0.38,0.58,0.46,0.21,0.5,0.0,0.52,0.22,0
988,0.39,0.47,0.49,0.2,0.5,0.0,0.53,0.26,0
1483,0.67,0.57,0.36,0.19,0.5,0.0,0.56,0.22,1
470,0.48,0.47,0.54,0.55,0.5,0.0,0.51,0.65,0
133,0.42,0.42,0.42,0.2,0.5,0.0,0.49,0.22,0
600,0.41,0.48,0.38,0.13,0.5,0.0,0.51,0.35,0
1418,0.49,0.6,0.54,0.35,0.5,0.0,0.53,0.46,0
47,0.38,0.49,0.53,0.19,0.5,0.0,0.5,0.22,0
883,0.56,0.55,0.57,0.15,0.5,0.0,0.54,0.25,0
753,0.54,0.55,0.56,0.14,0.5,0.0,0.5,0.25,0
71,0.8,0.63,0.45,0.29,0.5,0.0,0.51,0.22,0
705,0.57,0.6,0.54,0.17,0.5,0.0,0.52,0.22,0
897,0.27,0.41,0.24,0.2,0.5,0.0,0.49,0.22,0
659,0.42,0.65,0.58,0.34,0.5,0.0,0.5,0.22,0
170,0.35,0.66,0.49,0.21,0.5,0.0,0.54,0.25,0
1427,0.74,0.82,0.46,0.24,0.5,0.0,0.48,0.22,0
1201,0.58,0.51,0.49,0.27,0.5,0.0,0.57,0.29,0
1265,0.69,0.5,0.49,0.42,0.5,0.0,0.49,0.22,0
1392,0.85,0.66,0.49,0.18,0.5,0.0,0.51,0.22,0
568,0.7,0.51,0.47,0.24,0.5,0.0,0.53,0.25,0
1034,0.49,0.38,0.49,0.15,0.5,0.0,0.53,0.25,0
86,0.44,0.59,0.36,0.16,0.5,0.0,0.52,0.22,0
1275,0.45,0.57,0.3,0.17,0.5,0.0,0.51,0.22,0
1123,0.75,0.73,0.35,0.33,0.5,0.0,0.49,0.28,0
187,0.36,0.37,0.33,0.14,0.5,0.0,0.57,0.31,0
1285,0.42,0.25,0.6,0.14,0.5,0.0,0.45,0.22,0
406,0.87,0.83,0.57,0.36,0.5,0.0,0.36,0.22,0
702,0.5,0.62,0.52,0.3,0.5,0.0,0.56,0.22,0
1282,0.68,0.5,0.43,0.27,0.5,0.0,0.61,0.22,1
681,0.34,0.35,0.58,0.2,0.5,0.0,0.46,0.32,0
1291,0.51,0.43,0.47,0.19,0.5,0.0,0.52,0.37,0
169,0.53,0.51,0.46,0.28,0.5,0.0,0.48,0.22,0
18,0.43,0.44,0.48,0.22,0.5,0.0,0.51,0.22,0
1301,0.46,0.42,0.6,0.21,0.5,0.0,0.4,0.22,0
933,0.55,0.46,0.47,0.15,0.5,0.0,0.47,0.22,0
1082,0.56,0.68,0.42,0.36,0.5,0.0,0.49,0.22,0
522,0.41,0.47,0.58,0.62,0.5,0.0,0.5,0.22,0
1065,0.47,0.59,0.56,0.09,0.5,0.0,0.5,0.22,0
1232,0.53,0.53,0.6,0.13,0.5,0.0,0.49,0.22,0
1168,0.41,0.47,0.5,0.14,0.5,0.0,0.53,0.37,0
50,0.48,0.43,0.51,0.32,0.5,0.0,0.52,0.43,0
1028,0.39,0.45,0.75,0.17,0.5,0.0,0.51,0.22,0
1299,0.7,0.53,0.42,0.22,0.5,0.0,0.51,0.28,0
266,0.41,0.39,0.51,0.52,0.5,0.0,0.49,0.22,0
441,0.47,0.54,0.54,0.48,0.5,0.0,0.53,0.26,0
990,0.59,0.48,0.49,0.42,0.5,0.0,0.52,0.22,0
663,0.69,0.7,0.5,0.3,0.5,0.0,0.54,0.22,0
45,0.64,0.56,0.56,0.22,0.5,0.0,0.45,0.22,0
1015,0.8,0.83,0.43,0.24,0.5,0.0,0.54,0.22,0
125,0.42,0.31,0.5,0.15,0.5,0.0,0.53,0.22,0
205,0.39,0.28,0.46,0.12,0.5,0.0,0.41,0.22,0
1165,0.46,0.62,0.46,0.54,0.5,0.0,0.51,0.27,0
593,0.49,0.45,0.46,0.18,0.5,0.0,0.49,0.31,0
230,0.45,0.56,0.54,0.32,0.5,0.0,0.57,0.22,0
772,0.37,0.45,0.53,0.14,0.5,0.0,0.49,0.22,0
397,0.36,0.35,0.47,0.22,0.5,0.0,0.44,0.31,0
151,0.75,0.7,0.38,0.27,0.5,0.0,0.49,0.22,0
224,0.39,0.45,0.53,0.18,0.5,0.0,0.54,0.22,0
1276,0.47,0.63,0.66,0.45,0.5,0.0,0.37,0.11,0
1115,0.59,0.48,0.49,0.49,0.5,0.0,0.36,0.32,0
74,0.36,0.46,0.62,0.46,0.5,0.0,0.51,0.33,0
377,0.58,0.55,0.52,0.22,0.5,0.0,0.44,0.22,0
876,0.7,0.57,0.34,0.19,0.5,0.0,0.53,0.27,1
31,0.4,0.45,0.57,0.18,0.5,0.0,0.56,0.26,0
383,0.46,0.41,0.5,0.44,0.5,0.0,0.53,0.22,0
573,0.52,0.64,0.34,0.16,0.5,0.0,0.57,0.22,0
707,0.24,0.41,0.47,0.16,0.5,0.0,0.51,0.38,0
8,0.43,0.39,0.54,0.21,0.5,0.0,0.53,0.27,0
1193,0.57,0.53,0.53,0.34,0.5,0.0,0.53,0.22,0
96,0.47,0.41,0.66,0.26,0.5,0.0,0.53,0.22,0
112,0.48,0.54,0.5,0.17,0.5,0.0,0.53,0.22,0
455,0.68,0.68,0.49,0.15,0.5,0.0,0.53,0.22,0
380,0.35,0.53,0.35,0.33,0.5,0.0,0.5,0.32,0
956,0.88,0.72,0.32,0.3,0.5,0.0,0.52,0.33,0
759,0.56,0.49,0.54,0.15,0.5,0.0,0.5,0.35,0
797,0.43,0.22,0.79,0.79,0.5,0.0,0.22,0.0,0
134,0.26,0.5,0.33,0.28,0.5,0.0,0.51,0.22,0
171,0.52,0.4,0.6,0.12,0.5,0.0,0.55,0.22,0
645,0.55,0.51,0.54,0.2,0.5,0.0,0.56,0.22,0
553,0.36,0.3,0.5,0.19,0.5,0.0,0.55,0.3,0
596,0.39,0.58,0.5,0.1,0.5,0.0,0.51,0.25,0
999,0.54,0.67,0.56,0.15,0.5,0.0,0.57,0.33,0
1164,0.41,0.45,0.46,0.23,0.5,0.0,0.5,0.7,0
217,0.53,0.61,0.52,0.21,0.5,0.0,0.55,0.3,0
48,0.43,0.35,0.52,0.52,0.5,0.0,0.54,0.22,0
315,0.28,0.51,0.55,0.11,0.5,0.0,0.46,0.22,0
829,0.6,0.57,0.52,0.14,0.5,0.0,0.46,0.48,0
1057,0.27,0.43,0.5,0.13,0.5,0.0,0.54,0.31,0
1019,0.57,0.29,0.63,0.22,0.5,0.0,0.49,0.27,0
4,0.5,0.54,0.48,0.65,0.5,0.0,0.53,0.22,0
191,0.38,0.51,0.75,0.17,0.5,0.0,0.55,0.22,0
1354,0.33,0.28,0.52,0.15,0.5,0.0,0.51,0.86,0
66,0.51,0.54,0.6,0.57,0.5,0.0,0.58,0.22,0
590,0.49,0.52,0.53,0.7,0.5,0.0,0.51,0.22,0
1170,0.32,0.29,0.29,0.08,0.5,0.0,0.52,0.22,0
503,0.61,0.46,0.51,0.37,0.5,0.0,0.51,0.22,0
878,0.47,0.44,0.53,0.18,0.5,0.0,0.47,0.29,0
1482,0.58,0.56,0.38,0.39,0.5,0.0,0.54,0.57,0
1205,0.47,0.52,0.5,0.4,0.5,0.0,0.41,0.22,0
1060,0.42,0.51,0.33,0.16,0.5,0.0,0.54,0.22,0
696,0.45,0.53,0.51,0.42,0.5,0.0,0.52,0.22,0
106,0.4,0.62,0.52,0.31,0.5,0.0,0.49,0.31,0
521,0.55,0.53,0.54,0.4,0.5,0.0,0.48,0.22,0
55,0.81,0.85,0.47,0.37,0.5,0.0,0.56,0.22,0
381,0.5,0.46,0.42,0.32,0.5,0.0,0.56,0.55,0
1189,0.4,0.42,0.57,0.35,0.5,0.0,0.53,0.25,0
317,0.46,0.57,0.57,0.15,0.5,0.0,0.52,0.26,0
620,0.47,0.49,0.6,0.15,0.5,0.0,0.38,0.22,0
98,0.55,0.53,0.55,0.46,0.5,0.0,0.52,0.22,0
1331,0.56,0.68,0.52,0.39,0.5,0.0,0.36,0.22,0
715,0.45,0.54,0.49,0.29,0.5,0.0,0.49,0.25,0
1375,0.63,0.64,0.45,0.26,0.5,0.0,0.43,0.22,0
948,0.49,0.31,0.43,0.24,0.5,0.0,0.54,0.22,0
485,0.57,0.4,0.62,0.3,0.5,0.0,0.48,0.11,0
836,0.77,0.86,0.44,0.27,0.5,0.0,0.48,0.22,0
19,0.73,0.63,0.42,0.3,0.5,0.0,0.49,0.22,0
977,0.38,0.34,0.55,0.44,0.5,0.0,0.48,0.26,0
222,0.37,0.53,0.46,0.23,0.5,0.0,0.47,0.22,0
269,0.84,0.66,0.36,0.78,0.5,0.0,0.49,0.5,0
26,0.51,0.51,0.43,0.87,0.5,0.0,0.52,0.22,0
318,0.43,0.42,0.54,0.22,0.5,0.0,0.57,0.33,0
379,0.49,0.41,0.32,0.21,0.5,0.0,0.5,0.32,0
1180,0.61,0.48,0.54,0.25,0.5,0.0,0.5,0.22,0
370,0.57,0.61,0.55,0.67,0.5,0.0,0.48,0.22,0
777,0.46,0.35,0.69,0.18,0.5,0.0,0.3,0.25,0
126,0.42,0.43,0.56,0.1,0.5,0.0,0.49,0.22,0
89,0.65,0.65,0.52,0.16,0.5,0.0,0.6,0.22,0
1436,0.63,0.58,0.57,0.1,0.5,0.0,0.52,0.33,0
743,0.64,0.44,0.51,0.35,0.5,0.0,0.53,0.22,0
617,0.57,0.49,0.5,0.2,0.5,0.0,0.51,0.28,0
283,0.51,0.35,0.46,0.15,0.5,0.0,0.51,0.42,0
60,0.49,0.42,0.56,0.55,0.5,0.0,0.42,0.25,0
746,0.47,0.53,0.48,0.51,0.5,0.0,0.54,0.22,0
385,0.7,0.73,0.37,0.37,0.5,0.0,0.48,0.31,0
1411,0.33,0.46,0.6,0.18,0.5,0.0,0.51,0.26,0
200,0.27,0.39,0.66,0.11,0.5,0.0,0.44,0.22,0
242,0.34,0.38,0.45,0.19,0.5,0.0,0.51,0.22,1
328,0.39,0.39,0.55,0.52,0.5,0.0,0.37,0.16,0
1110,0.43,0.6,0.4,0.12,0.5,0.0,0.49,0.29,0
535,0.56,0.63,0.52,0.2,0.5,0.0,0.34,0.26,0
477,0.67,0.51,0.54,0.21,0.5,0.0,0.43,0.3,0
491,0.58,0.52,0.61,0.33,0.5,0.0,0.38,0.11,0
1437,0.47,0.38,0.5,0.15,0.5,0.0,0.49,0.47,0
1452,0.68,0.68,0.35,0.16,0.5,0.0,0.62,0.22,0
73,0.42,0.47,0.52,0.41,0.5,0.0,0.53,0.32,0
1102,0.54,0.44,0.38,0.22,0.5,0.0,0.54,0.3,0
601,0.45,0.58,0.59,0.44,0.5,0.0,0.56,0.22,0
712,0.43,0.48,0.53,0.18,0.5,0.0,0.46,0.22,0
840,0.46,0.49,0.55,0.18,0.5,0.0,0.56,0.22,0
641,0.77,0.73,0.51,0.27,0.5,0.0,0.34,0.22,0
132,0.35,0.45,0.43,0.11,0.5,0.0,0.56,0.22,0
36,0.53,0.31,0.58,0.39,0.5,0.0,0.47,0.37,0
1139,0.38,0.67,0.33,0.17,0.5,0.0,0.51,0.22,0
221,0.61,0.3,0.59,0.12,0.5,0.0,0.49,0.27,0
316,0.56,0.57,0.63,0.39,1.0,0.0,0.59,0.4,0
1408,0.6,0.64,0.56,0.36,0.5,0.0,0.46,0.27,0
243,0.62,0.58,0.46,0.13,0.5,0.0,0.53,0.22,0
1045,0.52,0.5,0.6,0.2,0.5,0.0,0.52,0.22,0
766,0.52,0.46,0.56,0.25,0.5,0.0,0.52,0.22,0
1318,0.47,0.46,0.55,0.28,0.5,0.0,0.44,0.46,0
713,0.47,0.43,0.48,0.16,0.5,0.0,0.46,0.27,0
1376,0.38,0.43,0.53,0.22,0.5,0.0,0.48,0.11,0
340,0.85,0.85,0.3,0.31,0.5,0.0,0.55,0.42,0
84,0.48,0.23,0.57,0.27,0.5,0.0,0.48,0.47,0
763,0.38,0.44,0.55,0.44,0.5,0.0,0.47,0.51,0
64,0.43,0.57,0.51,0.49,0.5,0.0,0.48,0.22,0
117,0.64,0.6,0.57,0.19,0.5,0.0,0.43,0.22,0
720,0.48,0.47,0.59,0.41,0.5,0.0,0.56,0.27,0
226,0.35,0.39,0.57,0.11,0.5,0.0,0.48,0.22,0
812,0.32,0.44,0.54,0.21,0.5,0.0,0.4,0.19,0
985,0.48,0.44,0.46,0.37,0.5,0.0,0.46,0.36,0
673,0.56,0.59,0.54,0.18,0.5,0.0,0.48,0.46,0
1257,0.64,0.53,0.45,0.13,0.5,0.0,0.53,0.22,0
539,0.37,0.41,0.45,0.14,0.5,0.0,0.47,0.22,0
494,0.6,0.46,0.59,0.16,0.5,0.0,0.49,0.22,0
311,0.41,0.6,0.53,0.29,0.5,0.0,0.47,0.43,0
1194,0.41,0.54,0.39,0.2,0.5,0.0,0.51,0.22,0
291,0.27,0.51,0.47,0.35,0.5,0.0,0.49,0.28,0
737,0.46,0.41,0.58,0.1,0.5,0.0,0.48,0.22,0
502,0.58,0.53,0.5,0.53,0.5,0.0,0.47,0.31,0
402,0.27,0.56,0.56,0.18,0.5,0.0,0.52,0.22,0
352,0.51,0.68,0.49,0.59,0.5,0.0,0.54,0.27,0
1070,0.44,0.35,0.55,0.14,0.5,0.0,0.52,0.22,0
498,0.55,0.5,0.6,0.31,0.5,0.0,0.46,0.27,0
1428,0.55,0.38,0.52,0.16,0.5,0.0,0.49,0.64,0
258,0.69,0.6,0.51,0.13,0.5,0.83,0.52,0.22,0
154,0.52,0.51,0.51,0.54,0.5,0.0,0.55,0.27,0
75,0.4,0.45,0.56,0.2,0.5,0.0,0.45,0.22,0
1378,0.35,0.21,1.0,0.8,0.5,0.0,0.13,0.01,0
1371,0.35,0.33,0.48,0.42,0.5,0.0,0.47,0.43,0
679,0.62,0.41,0.52,0.17,0.5,0.0,0.48,0.22,0
46,0.53,0.44,0.51,0.33,0.5,0.0,0.55,0.22,0
1118,0.74,0.73,0.32,0.2,0.5,0.0,0.55,0.22,0
685,0.28,0.51,0.55,0.19,0.5,0.0,0.57,0.22,0
292,0.43,0.51,0.54,0.15,0.5,0.0,0.45,0.26,0
1448,0.4,0.28,0.58,0.44,0.5,0.0,0.41,0.22,0
336,0.53,0.53,0.53,0.17,0.5,0.0,0.49,0.37,0
808,0.47,0.56,0.46,0.5,0.5,0.0,0.51,0.22,0
509,0.43,0.32,0.5,0.29,0.5,0.0,0.5,0.22,0
558,0.44,0.34,0.61,0.13,0.5,0.0,0.49,0.26,0
658,0.46,0.37,0.48,0.36,0.5,0.0,0.48,0.22,0
473,0.46,0.55,0.61,0.13,0.5,0.0,0.47,0.22,0
853,0.56,0.49,0.32,0.22,0.5,0.0,0.5,0.22,1
1160,0.57,0.59,0.49,0.86,0.5,0.0,0.47,0.22,0
1221,0.31,0.31,0.56,0.33,0.5,0.0,0.52,0.33,0
823,0.5,0.5,0.62,0.23,0.5,0.0,0.35,0.11,0
79,0.61,0.72,0.39,0.33,0.5,0.0,0.58,0.22,0
754,0.45,0.5,0.57,0.29,0.5,0.0,0.44,0.11,0
862,0.48,0.51,0.5,0.24,0.5,0.0,0.54,0.38,0
206,0.56,0.43,0.54,0.16,0.5,0.0,0.5,0.22,0
1396,0.55,0.72,0.35,0.26,0.5,0.0,0.49,0.22,0
497,0.62,0.59,0.54,0.47,0.5,0.0,0.46,0.22,0
835,0.34,0.25,0.55,0.28,0.5,0.0,0.51,0.49,0
1314,0.32,0.45,0.44,0.2,0.5,0.0,0.55,0.33,0
917,0.52,0.45,0.45,0.13,0.5,0.0,0.48,0.22,0
1256,0.38,0.47,0.53,0.12,0.5,0.0,0.48,0.22,0
288,0.45,0.56,0.49,0.17,0.5,0.0,0.52,0.22,0
571,0.83,0.57,0.42,0.57,0.5,0.0,0.5,0.32,1
1329,0.37,0.42,0.6,0.13,0.5,0.0,0.51,0.22,0
1458,0.88,0.75,0.41,0.36,0.5,0.0,0.43,0.22,1
449,0.62,0.6,0.47,0.16,0.5,0.0,0.53,0.22,0
1440,0.44,0.49,0.49,0.27,0.5,0.0,0.52,0.22,0
692,0.36,0.33,0.38,0.15,0.5,0.0,0.55,0.36,0
173,0.47,0.46,0.59,0.49,0.5,0.0,0.56,0.22,0
1267,0.47,0.45,0.53,0.62,0.5,0.0,0.46,0.22,0
194,0.46,0.54,0.71,0.15,0.5,0.0,0.59,0.22,0
1271,0.61,0.54,0.49,0.16,0.5,0.0,0.54,0.42,0
703,0.49,0.45,0.54,0.4,0.5,0.0,0.55,0.22,0
256,0.33,0.44,0.49,0.08,0.5,0.0,0.48,0.49,0
1091,0.39,0.63,0.41,0.27,0.5,0.0,0.49,0.22,0
110,0.34,0.54,0.5,0.21,0.5,0.0,0.54,0.31,0
480,0.59,0.57,0.43,0.26,0.5,0.0,0.51,0.22,0
1198,0.45,0.58,0.48,0.67,0.5,0.0,0.52,0.22,0
850,0.34,0.46,0.52,0.19,0.5,0.0,0.53,0.26,0
950,0.83,0.81,0.45,0.38,0.5,0.0,0.4,0.26,0
1042,0.79,0.56,0.53,0.19,0.5,0.0,0.47,0.35,0
1438,0.42,0.5,0.59,0.17,0.5,0.0,0.51,0.22,0
1478,0.47,0.5,0.6,0.63,0.5,0.0,0.38,0.16,0
741,0.42,0.21,0.59,0.3,0.5,0.0,0.47,0.27,0
1399,0.53,0.49,0.47,0.21,0.5,0.0,0.53,0.22,0
174,0.73,0.83,0.43,0.3,0.5,0.0,0.55,0.22,0
725,0.54,0.53,0.53,0.17,0.5,0.0,0.51,0.39,0
176,0.7,0.65,0.54,0.28,0.5,0.0,0.6,0.4,0
1442,0.59,0.46,0.55,0.17,0.5,0.0,0.52,0.25,0
821,0.51,0.52,0.58,0.17,0.5,0.0,0.47,0.28,0
630,0.74,0.74,0.51,0.27,0.5,0.0,0.5,0.22,0
1131,0.4,0.4,0.44,0.37,0.5,0.0,0.53,0.25,0
664,0.63,0.55,0.53,0.51,0.5,0.0,0.55,0.22,0
144,0.24,0.34,0.69,0.18,0.5,0.0,0.52,0.22,0
447,0.26,0.38,0.52,0.36,0.5,0.0,0.48,0.56,0
581,0.64,0.52,0.5,0.26,0.5,0.0,0.51,0.31,0
666,0.46,0.62,0.54,0.25,0.5,0.0,0.46,0.22,0
1349,0.81,0.55,0.35,0.34,0.5,0.0,0.51,0.22,1
960,0.55,0.41,0.67,0.61,0.5,0.0,0.49,0.14,0
1362,0.47,0.45,0.51,0.33,0.5,0.0,0.46,0.26,0
1413,0.52,0.47,0.58,0.18,0.5,0.0,0.34,0.11,0
1187,0.58,0.44,0.57,0.13,0.5,0.0,0.54,0.22,0
1108,0.29,0.39,0.46,0.36,0.5,0.0,0.51,0.22,0
444,0.81,0.65,0.52,0.41,0.5,0.0,0.57,0.26,0
1058,0.42,0.46,0.44,0.17,0.5,0.0,0.51,0.42,0
1420,0.61,0.5,0.61,0.21,0.5,0.0,0.55,0.54,0
625,0.48,0.46,0.58,0.26,0.5,0.0,0.44,0.22,0
1020,0.52,0.49,0.59,0.21,0.5,0.0,0.47,0.22,0
493,0.56,0.5,0.61,0.49,0.5,0.0,0.46,0.28,0
179,0.57,0.41,0.59,0.24,0.5,0.0,0.4,0.22,0
1388,0.5,0.48,0.48,0.23,0.5,0.0,0.53,0.68,0
984,0.31,0.4,0.31,0.17,0.5,0.0,0.52,0.22,0
405,0.37,0.55,0.29,0.32,0.5,0.0,0.51,0.22,0
1297,0.49,0.44,0.45,0.22,0.5,0.0,0.51,0.22,0
623,0.48,0.42,0.48,0.19,0.5,0.0,0.58,0.22,0
463,0.29,0.46,0.54,0.27,0.5,0.0,0.49,0.22,0
131,0.57,0.51,0.53,0.18,0.5,0.0,0.56,0.25,0
39,0.42,0.24,0.34,0.16,0.5,0.0,0.5,0.22,0
334,0.49,0.37,0.59,0.17,0.5,0.0,0.51,0.22,0
251,0.58,0.6,0.51,0.24,0.5,0.0,0.53,0.22,0
758,0.35,0.41,0.53,0.27,0.5,0.0,0.47,0.29,0
335,0.51,0.48,0.58,0.22,0.5,0.0,0.5,0.28,0
1307,0.52,0.5,0.59,0.31,0.5,0.0,0.5,0.22,0
255,0.39,0.44,0.28,0.12,0.5,0.0,0.46,0.27,0
806,0.42,0.49,0.49,0.36,0.5,0.0,0.57,0.26,0
809,0.46,0.33,0.45,0.22,0.5,0.0,0.41,0.37,0
496,0.53,0.52,0.61,0.35,0.5,0.0,0.5,0.22,0
846,0.49,0.38,0.56,0.09,0.5,0.0,0.46,0.22,0
975,0.23,0.29,0.46,0.0,0.5,0.0,0.43,0.31,0
913,0.66,0.65,0.54,0.4,0.5,0.0,0.51,0.22,0
595,0.55,0.59,0.52,0.1,0.5,0.0,0.53,0.22,0
16,0.61,0.6,0.55,0.21,0.5,0.0,0.5,0.25,0
890,0.64,0.31,0.53,0.15,0.5,0.0,0.53,0.31,0
1026,0.42,0.37,0.54,0.17,0.5,0.0,0.51,0.22,0
1336,0.49,0.6,0.3,0.34,0.5,0.0,0.5,0.43,0
129,0.54,0.49,0.49,0.2,0.5,0.0,0.52,0.22,0
359,0.45,0.57,0.3,0.17,0.5,0.0,0.51,0.22,0
1429,0.78,0.73,0.27,0.28,0.5,0.0,0.56,0.22,0
1021,0.41,0.42,0.53,0.17,0.5,0.0,0.48,0.58,0
1007,0.47,0.56,0.58,0.19,0.5,0.0,0.44,0.64,0
762,0.34,0.48,0.47,0.19,0.5,0.0,0.5,0.3,0
637,0.59,0.61,0.51,0.62,0.5,0.0,0.51,0.38,0
987,0.62,0.42,0.47,0.16,0.5,0.0,0.52,0.22,0
530,0.58,0.56,0.52,0.25,0.5,0.0,0.57,0.35,0
210,0.42,0.32,0.5,0.21,0.5,0.0,0.51,0.22,0
657,0.5,0.45,0.53,0.21,0.5,0.0,0.28,0.22,0
560,0.3,0.55,0.58,0.16,0.5,0.0,0.61,0.28,0
731,0.44,0.33,0.55,0.16,0.5,0.0,0.49,0.22,0
1457,0.45,0.51,0.43,0.22,0.5,0.0,0.57,0.22,0
515,0.52,0.38,0.62,0.12,0.5,0.0,0.41,0.28,0
1308,0.42,0.53,0.53,0.64,0.5,0.0,0.47,0.22,0
478,0.58,0.46,0.46,0.34,0.5,0.0,0.5,0.43,0
1011,0.44,0.55,0.51,0.16,0.5,0.0,0.6,0.22,0
1327,0.31,0.42,0.48,0.17,0.5,0.0,0.49,0.53,0
1044,0.79,0.62,0.35,0.35,0.5,0.0,0.6,0.28,1
992,0.61,0.52,0.5,0.44,0.5,0.0,0.53,0.22,0
262,0.42,0.52,0.4,0.17,0.5,0.0,0.5,0.26,0
537,0.51,0.46,0.54,0.41,0.5,0.0,0.53,0.22,0
313,0.6,0.48,0.44,0.52,0.5,0.0,0.54,0.63,0
500,0.65,0.53,0.55,0.52,0.5,0.0,0.47,0.27,0
1242,0.32,0.47,0.55,0.12,0.5,0.0,0.52,0.22,0
1002,0.54,0.55,0.55,0.4,0.5,0.0,0.53,0.22,0
267,0.37,0.34,0.32,0.22,0.5,0.0,0.56,0.22,0
24,0.63,0.67,0.57,0.24,0.5,0.0,0.49,0.22,0
1133,0.8,0.79,0.43,0.25,0.5,0.0,0.52,0.22,0
942,0.44,0.39,0.63,0.11,0.5,0.0,0.49,0.26,0
34,0.86,0.74,0.51,0.4,0.5,0.0,0.55,0.22,1
1087,1.0,0.8,0.29,0.36,0.5,0.0,0.52,0.22,0
523,0.57,0.4,0.48,0.24,0.5,0.0,0.55,0.22,0
616,0.5,0.57,0.62,0.25,0.5,0.0,0.51,0.22,0
118,0.59,0.48,0.5,0.14,0.5,0.0,0.45,0.25,0
326,0.37,0.34,0.58,0.24,0.5,0.0,0.44,0.18,0
775,0.29,0.4,0.5,0.16,0.5,0.0,0.51,0.34,0
1162,0.47,0.38,0.58,0.19,0.5,0.0,0.57,0.22,0
400,0.38,0.49,0.54,1.0,0.5,0.0,0.5,0.27,0
505,0.54,0.64,0.5,0.13,0.5,0.0,0.49,0.22,0
186,0.31,0.46,0.54,0.52,0.5,0.0,0.5,0.34,0
900,0.43,0.47,0.47,0.18,0.5,0.0,0.47,0.22,0
1350,0.48,0.5,0.56,0.11,0.5,0.0,0.33,0.22,0
1217,0.67,0.71,0.52,0.65,0.5,0.0,0.53,0.36,0
612,0.26,0.28,0.6,0.2,0.5,0.0,0.54,0.31,0
1380,0.54,0.44,0.55,0.48,0.5,0.0,0.47,0.22,0
1163,0.5,0.61,0.44,0.2,0.5,0.0,0.49,0.22,0
1114,0.71,0.51,0.49,0.23,0.5,0.0,0.3,0.32,1
345,0.44,0.41,0.58,0.2,0.5,0.0,0.57,0.25,0
869,0.48,0.5,0.47,0.29,0.5,0.0,0.46,0.27,0
6,0.55,0.5,0.66,0.36,0.5,0.0,0.49,0.22,0
627,0.74,0.72,0.5,0.28,0.5,0.0,0.49,0.27,0
1213,0.43,0.57,0.53,0.16,0.5,0.0,0.54,0.22,0
995,0.63,0.43,0.48,0.11,0.5,0.0,0.51,0.22,0
501,0.38,0.54,0.54,0.41,0.5,0.0,0.51,0.22,0
1443,0.36,0.52,0.61,0.33,0.5,0.0,0.52,0.37,0
348,0.61,0.54,0.49,0.19,0.5,0.0,0.54,0.47,0
910,0.52,0.47,0.58,0.18,0.5,0.0,0.34,0.11,0
677,0.38,0.26,0.6,0.1,0.5,0.0,0.48,0.44,0
525,0.39,0.35,0.49,0.17,0.5,0.0,0.49,0.22,0
182,0.53,0.38,0.66,0.25,0.5,0.0,0.43,0.22,0
555,0.43,0.28,0.53,0.34,0.5,0.0,0.55,0.57,0
1404,0.46,0.48,0.38,0.22,0.5,0.0,0.39,0.45,0
801,0.48,0.46,0.58,0.16,0.5,0.0,0.45,0.22,0
1321,0.35,0.5,0.44,0.27,0.5,0.0,0.51,0.22,0
388,0.23,0.34,0.41,0.28,0.5,0.0,0.5,0.27,0
1104,0.43,0.41,0.37,0.18,0.5,0.0,0.54,0.31,0
1078,0.5,0.55,0.52,0.16,0.5,0.0,0.51,0.31,0
633,0.38,0.45,0.37,0.19,0.5,0.0,0.52,0.3,0
109,0.35,0.58,0.54,0.16,0.5,0.0,0.51,0.22,0
460,0.34,0.54,0.54,0.13,0.5,0.0,0.52,0.22,0
87,0.42,0.35,0.54,0.18,0.5,0.0,0.56,0.22,0
557,0.45,0.21,0.49,0.24,0.5,0.0,0.46,0.31,0
1062,0.53,0.44,0.54,0.52,0.5,0.0,0.49,0.38,0
845,0.55,0.52,0.44,0.2,0.5,0.0,0.56,0.22,1
25,0.53,0.54,0.43,0.1,0.5,0.0,0.57,0.32,0
1414,0.57,0.55,0.51,0.18,0.5,0.0,0.51,0.43,0
1225,0.37,0.42,0.51,0.11,0.5,0.0,0.57,0.22,0
1184,0.47,0.43,0.61,0.4,0.5,0.0,0.48,0.47,0
908,0.46,0.41,0.45,0.23,0.5,0.0,0.48,0.22,0
265,0.45,0.4,0.56,0.14,0.5,0.0,0.54,0.22,0
964,0.48,0.54,0.56,0.29,0.5,0.0,0.51,0.43,0
972,0.41,0.35,0.6,0.22,0.5,0.0,0.56,0.79,0
756,0.51,0.39,0.58,0.19,0.5,0.0,0.47,0.22,0
902,0.55,0.4,0.62,0.22,0.5,0.0,0.37,0.28,0
519,0.58,0.57,0.54,0.69,0.5,0.0,0.54,0.22,0
795,0.34,0.34,0.65,0.4,0.5,0.0,0.32,0.16,0
863,0.39,0.3,0.63,0.2,0.5,0.0,0.43,0.47,0
1477,0.51,0.59,0.46,0.13,0.5,0.0,0.48,0.22,0
85,0.47,0.39,0.55,0.24,0.5,0.0,0.47,0.22,0
512,0.49,0.46,0.42,0.46,0.5,0.0,0.55,0.22,0
442,0.72,0.58,0.42,0.28,0.5,0.0,0.48,0.22,0
831,0.41,0.46,0.58,0.08,0.5,0.0,0.51,0.28,0
606,0.46,0.49,0.45,0.28,0.5,0.0,0.55,0.22,0
54,0.47,0.39,0.59,0.15,0.5,0.0,0.57,0.22,0
1377,0.4,0.45,0.61,0.29,0.5,0.0,0.44,0.22,0
356,0.34,0.4,0.3,0.23,0.5,0.0,0.51,0.22,0
973,0.43,0.28,0.41,0.32,0.5,0.0,0.52,0.22,0
446,0.18,0.48,0.46,0.12,0.5,0.0,0.0,0.25,0
830,0.42,0.38,0.52,0.29,0.5,0.0,0.42,0.22,0
727,0.66,0.55,0.54,0.18,0.5,0.0,0.43,0.22,0
1119,0.67,0.61,0.39,0.24,0.5,0.0,0.51,0.22,0
327,0.39,0.39,0.55,0.52,0.5,0.0,0.37,0.16,0
651,0.49,0.48,0.52,0.2,0.5,0.0,0.55,0.22,0
121,0.51,0.34,0.5,0.19,0.5,0.0,0.5,0.22,0
1423,0.38,0.42,0.47,0.12,0.5,0.0,0.47,0.53,0
285,0.59,0.65,0.52,0.3,0.5,0.0,0.46,0.31,0
296,0.52,0.51,0.51,0.12,0.5,0.0,0.51,0.4,0
572,0.78,0.65,0.4,0.16,0.5,0.0,0.63,0.22,0
1330,0.5,0.32,0.49,0.49,0.5,0.0,0.48,0.32,0
1456,0.4,0.45,0.45,0.15,0.5,0.0,0.53,0.48,0
895,0.23,0.37,0.32,0.13,0.5,0.0,0.53,0.22,0
825,0.53,0.57,0.6,0.36,0.5,0.0,0.5,0.22,0
257,0.81,0.82,0.41,0.36,0.5,0.0,0.39,0.22,0
349,0.44,0.53,0.52,0.37,0.5,0.0,0.5,0.22,0
253,0.46,0.35,0.33,0.17,0.5,0.0,0.55,0.22,0
733,0.57,0.55,0.52,0.16,0.5,0.0,0.49,0.39,0
279,0.49,0.46,0.34,0.21,0.5,0.0,0.55,0.22,0
814,0.46,0.39,0.54,0.22,0.5,0.0,0.48,0.25,0
1424,0.41,0.42,0.23,0.16,0.5,0.0,0.4,0.22,0
281,0.7,0.69,0.43,0.33,0.5,0.0,0.58,0.22,0
930,0.53,0.25,0.59,0.27,0.5,0.0,0.45,0.26,0
644,0.4,0.39,0.33,0.17,0.5,0.0,0.51,0.31,0
652,0.36,0.39,0.54,0.16,0.5,0.0,0.5,0.28,0
1071,0.73,0.59,0.35,0.15,0.5,0.0,0.54,0.22,0
1387,0.59,0.54,0.53,0.14,0.5,0.0,0.48,0.22,0
1480,0.3,0.37,0.4,0.45,0.5,0.0,0.48,0.41,0
435,0.39,0.37,0.33,0.23,0.5,0.0,0.53,0.26,0
1008,0.32,0.32,0.52,0.18,0.5,0.0,0.48,0.34,0
94,0.45,0.45,0.5,0.6,0.5,0.0,0.49,0.22,0
378,0.59,0.57,0.46,0.14,0.5,0.0,0.52,0.22,0
20,0.43,0.53,0.52,0.13,0.5,0.0,0.55,0.22,0
1369,0.54,0.57,0.55,0.18,0.5,0.0,0.5,0.22,0
903,0.51,0.5,0.54,0.11,0.5,0.0,0.6,0.22,0
143,0.39,0.4,0.53,0.67,0.5,0.0,0.47,0.22,0
1351,0.68,0.53,0.44,0.31,0.5,0.0,0.51,0.22,0
1093,0.49,0.49,0.4,0.2,0.5,0.0,0.48,0.26,0
394,0.84,0.63,0.38,0.23,0.5,0.0,0.53,0.22,0
587,0.45,0.46,0.61,0.2,0.5,0.0,0.62,0.22,0
1287,0.53,0.5,0.54,0.56,0.5,0.0,0.49,0.41,0
803,0.66,0.6,0.52,0.19,0.5,0.0,0.69,0.22,0
91,0.45,0.41,0.5,0.46,0.5,0.5,0.5,0.27,0
1461,0.47,0.41,0.46,0.18,0.5,0.0,0.53,0.22,0
401,0.84,0.87,0.45,0.54,0.5,0.0,0.28,0.22,0
699,0.46,0.43,0.5,0.24,0.5,0.0,0.48,0.31,0
920,0.44,0.59,0.54,0.18,0.5,0.0,0.49,0.22,0
871,0.49,0.49,0.52,0.18,0.5,0.0,0.51,0.25,0
1358,0.47,0.47,0.54,0.19,0.5,0.0,0.51,0.33,0
140,0.38,0.68,0.44,0.45,0.5,0.0,0.53,0.22,0
273,0.48,0.35,0.42,0.21,0.5,0.0,0.57,0.22,0
532,0.81,0.79,0.32,0.37,0.5,0.0,0.41,0.22,0
160,0.49,0.46,0.45,0.45,0.5,0.0,0.52,0.22,0
329,0.48,0.46,0.38,0.29,0.5,0.0,0.53,0.22,0
90,0.27,0.6,0.48,0.23,0.5,0.0,0.55,0.22,0
594,0.52,0.46,0.51,0.18,0.5,0.0,0.5,0.22,0
828,0.37,0.3,0.62,0.43,0.5,0.0,0.44,0.39,0
779,0.57,0.43,0.52,0.3,0.5,0.0,0.37,0.11,0
874,0.85,0.69,0.34,0.31,0.5,0.0,0.57,0.3,0
1278,0.56,0.45,0.59,0.14,0.5,0.0,0.51,0.26,0
1199,0.41,0.46,0.59,0.19,0.5,0.0,0.58,0.27,0
219,0.51,0.55,0.35,0.16,0.5,0.0,0.51,0.47,0
833,0.57,0.5,0.4,0.08,0.5,0.0,0.47,0.22,0
742,0.6,0.48,0.46,0.32,0.5,0.0,0.4,0.33,0
928,0.55,0.47,0.53,0.2,0.5,0.0,0.4,0.22,0
181,0.58,0.56,0.45,0.12,0.5,0.0,0.51,0.22,0
293,0.6,0.4,0.59,0.18,0.5,0.0,0.48,0.22,0
1352,0.33,0.28,0.5,0.4,0.5,0.0,0.46,0.61,0
716,0.31,0.39,0.55,0.28,0.5,0.0,0.46,0.31,0
946,0.25,0.42,0.21,0.14,0.5,0.0,0.41,0.22,0
1200,0.48,0.54,0.55,0.12,0.5,0.0,0.51,0.22,0
248,0.35,0.46,0.49,0.15,1.0,0.0,0.55,0.35,0
456,0.55,0.49,0.45,0.18,0.5,0.0,0.49,0.22,0
792,0.43,0.33,0.67,0.12,0.5,0.0,0.43,0.23,0
1249,0.47,0.47,0.58,0.16,0.5,0.0,0.49,0.28,0
177,0.47,0.54,0.37,0.14,0.5,0.0,0.5,0.22,0
824,0.41,0.49,0.65,0.28,0.5,0.0,0.59,0.57,0
302,0.69,0.48,0.38,0.15,0.5,0.0,0.55,0.22,1
1109,0.57,0.52,0.46,0.2,0.5,0.83,0.52,0.41,0
1032,0.55,0.39,0.39,0.47,0.5,0.0,0.5,0.83,0
847,0.38,0.4,0.53,0.12,0.5,0.0,0.55,0.22,0
1188,0.51,0.4,0.56,0.17,0.5,0.5,0.49,0.22,0
152,0.61,0.72,0.31,0.33,0.5,0.0,0.56,0.22,0
690,0.53,0.45,0.53,0.18,0.5,0.0,0.42,0.22,0
592,0.51,0.46,0.57,0.25,0.5,0.0,0.53,0.22,0
1017,0.55,0.69,0.51,0.12,0.5,0.0,0.51,0.22,0
738,0.57,0.51,0.58,0.22,0.5,0.0,0.51,0.22,0
263,0.91,0.77,0.34,0.47,0.5,0.0,0.52,0.31,0
1035,0.53,0.45,0.52,0.29,0.5,0.0,0.55,0.38,0
706,0.38,0.31,0.59,0.19,0.5,0.0,0.46,0.22,0
197,0.2,0.26,0.52,0.14,0.5,0.0,0.53,0.44,0
697,0.29,0.4,0.41,0.48,0.5,0.0,0.53,0.3,0
330,0.48,0.57,0.5,0.09,0.5,0.0,0.52,0.42,0
0,0.58,0.61,0.47,0.13,0.5,0.0,0.48,0.22,0
882,0.47,0.5,0.47,0.22,0.5,0.0,0.53,0.45,0
1014,0.79,0.79,0.42,0.26,0.5,0.0,0.6,0.22,0
506,0.4,0.74,0.49,0.16,0.5,0.0,0.51,0.22,0
245,0.73,0.55,0.41,0.16,0.5,0.0,0.46,0.22,1
1210,0.4,0.38,0.53,0.16,0.5,0.0,0.52,0.27,0
1176,0.59,0.67,0.54,0.19,0.5,0.0,0.48,0.6,0
843,0.47,0.58,0.47,0.52,0.5,0.0,0.54,0.22,0
774,0.36,0.49,0.55,0.21,0.5,0.0,0.55,0.33,0
943,0.51,0.5,0.49,0.45,0.5,0.0,0.48,0.22,0
872,0.54,0.59,0.57,0.34,0.5,0.0,0.49,0.22,0
864,0.47,0.52,0.54,0.25,0.5,0.0,0.54,0.29,0
52,0.6,0.47,0.45,0.22,0.5,0.0,0.51,0.29,0
384,0.4,0.51,0.42,0.13,0.5,0.0,0.45,0.25,0
423,0.68,0.5,0.55,0.65,0.5,0.0,0.46,0.31,0
693,0.35,0.47,0.53,0.19,0.5,0.0,0.48,0.22,0
301,0.2,0.34,0.33,0.1,0.5,0.0,0.48,0.31,0
915,0.32,0.68,0.51,0.16,0.5,0.83,0.55,0.22,0
412,0.94,0.6,0.33,0.49,0.5,0.0,0.54,0.22,1
421,0.52,0.62,0.54,0.19,0.5,0.0,0.5,0.22,0
1191,0.8,0.88,0.36,0.39,0.5,0.0,0.56,0.33,0
1320,0.33,0.46,0.53,0.29,0.5,0.0,0.5,0.55,0
996,0.52,0.45,0.53,0.34,0.5,0.0,0.52,0.44,0
9,0.42,0.37,0.59,0.2,0.5,0.0,0.52,0.29,0
2,0.64,0.62,0.49,0.15,0.5,0.0,0.53,0.22,0
138,0.48,0.61,0.44,0.2,0.5,0.0,0.47,0.22,0
490,0.44,0.44,0.67,0.35,0.5,0.0,0.48,0.26,0
499,0.58,0.53,0.57,0.46,0.5,0.0,0.51,0.27,0
376,0.89,0.81,0.36,0.71,0.5,0.0,0.55,0.63,0
1469,0.35,0.32,0.31,0.16,0.5,0.0,0.56,0.22,0
611,0.48,0.45,0.59,0.35,0.5,0.0,0.55,0.3,0
354,0.3,0.5,0.34,0.26,0.5,0.0,0.51,0.22,0
375,0.4,0.45,0.42,0.17,0.5,0.0,0.54,0.26,0
922,0.73,0.52,0.59,0.25,0.5,0.0,0.51,0.22,0
483,0.36,0.4,0.53,0.48,0.5,0.0,0.48,0.22,0
701,0.61,0.55,0.51,0.26,0.5,0.0,0.52,0.22,0
998,0.58,0.51,0.63,0.2,0.5,0.0,0.5,0.42,0
448,0.53,0.51,0.51,0.11,0.5,0.0,0.49,0.41,0
717,0.43,0.41,0.51,0.34,0.5,0.0,0.49,0.28,0
635,0.31,0.3,0.34,0.19,0.5,0.0,0.55,0.3,0
1137,0.61,0.76,0.3,0.16,0.5,0.0,0.45,0.41,0
1264,0.58,0.41,0.51,0.26,0.5,0.0,0.51,0.37,0
77,0.49,0.61,0.49,0.25,0.5,0.0,0.5,0.28,0
710,0.51,0.55,0.56,0.18,0.5,0.0,0.5,0.38,0
610,0.75,0.6,0.43,0.35,0.5,0.0,0.45,0.27,0
298,0.44,0.34,0.55,0.18,0.5,0.0,0.52,0.22,0
628,0.77,0.72,0.48,0.26,0.5,0.0,0.51,0.22,0
250,0.56,0.62,0.53,0.24,0.5,0.0,0.57,0.22,0
937,0.52,0.56,0.55,0.16,0.5,0.0,0.53,0.39,0
540,0.37,0.51,0.57,0.4,0.5,0.0,0.48,0.27,0
764,0.4,0.3,0.57,0.13,0.5,0.0,0.46,0.22,0
41,0.41,0.53,0.45,0.14,0.5,0.0,0.52,0.66,0
986,0.5,0.49,0.46,0.22,0.5,0.0,0.53,0.25,0
969,0.58,0.37,0.58,0.16,0.5,0.0,0.51,0.22,0
747,0.45,0.49,0.57,0.25,0.5,0.0,0.48,0.22,0
1064,0.56,0.49,0.47,0.13,0.5,0.0,0.52,0.22,0
662,0.75,0.69,0.48,0.13,0.5,0.0,0.57,0.4,0
935,0.62,0.33,0.49,0.24,0.5,0.0,0.51,0.42,0
295,0.59,0.43,0.52,0.19,0.5,0.0,0.55,0.27,0
1031,0.4,0.44,0.5,0.13,0.5,0.0,0.52,0.39,0
1277,0.51,0.34,0.43,0.18,0.5,0.0,0.48,0.25,0
408,0.52,0.48,0.54,0.28,0.5,0.0,0.54,0.22,0
945,0.19,0.66,0.6,0.14,0.5,0.0,0.2,0.25,0
520,0.61,0.59,0.47,0.49,0.5,0.0,0.54,0.22,0
290,0.31,0.31,0.54,0.18,0.5,0.0,0.52,0.29,0
232,0.29,0.43,0.4,0.15,0.5,0.0,0.53,0.22,0
643,0.27,0.56,0.3,0.14,0.5,0.0,0.52,0.39,0
719,0.41,0.52,0.56,0.26,0.5,0.0,0.48,0.32,0
682,0.33,0.21,0.53,0.15,1.0,0.0,0.52,0.5,0
688,0.59,0.46,0.48,0.46,0.5,0.0,0.49,0.22,0
686,0.51,0.51,0.56,0.28,0.5,0.0,0.54,0.27,0
1241,0.63,0.61,0.41,0.22,0.5,0.0,0.51,0.22,0
1236,0.41,0.24,0.54,0.26,0.5,0.0,0.41,0.22,0
116,0.58,0.48,0.51,0.47,0.5,0.0,0.55,0.22,0
1419,0.49,0.48,0.51,0.21,0.5,0.0,0.53,0.22,0
100,0.59,0.6,0.49,0.43,0.5,0.0,0.53,0.31,0
136,0.26,0.44,0.3,0.11,0.5,0.0,0.51,0.47,0
159,0.42,0.31,0.62,0.12,0.5,0.0,0.4,0.22,0
1231,0.41,0.45,0.53,0.17,0.5,0.0,0.51,0.25,0
180,0.56,0.41,0.58,0.21,0.5,0.0,0.42,0.22,0
474,0.66,0.66,0.32,0.54,0.5,0.0,0.51,0.22,1
439,0.33,0.38,0.53,0.26,0.5,0.0,0.52,0.27,0
604,0.51,0.46,0.49,0.21,0.5,0.0,0.55,0.22,0
92,0.4,0.44,0.49,0.47,0.5,0.0,0.49,0.27,0
1348,0.51,0.46,0.4,0.65,0.5,0.0,0.49,0.22,0
1459,0.5,0.47,0.56,0.31,0.5,0.0,0.56,0.26,0
468,0.54,0.52,0.54,0.2,0.5,0.0,0.55,0.25,0
1051,0.56,0.46,0.51,0.25,0.5,0.0,0.54,0.22,0
770,0.46,0.53,0.47,0.37,0.5,0.0,0.51,0.36,0
680,0.52,0.37,0.48,0.13,0.5,0.0,0.55,0.22,0
789,0.58,0.45,0.55,0.27,0.5,0.0,0.48,0.11,0
1303,0.37,0.31,0.53,0.16,0.5,0.0,0.53,0.44,0
570,0.69,0.62,0.49,0.0,1.0,0.0,0.47,0.22,0
149,0.32,0.57,0.5,0.15,0.5,0.0,0.53,0.22,0
1292,0.78,0.48,0.47,0.3,0.5,0.0,0.53,0.47,1
343,0.55,0.53,0.56,0.29,0.5,0.0,0.48,0.22,0
1224,0.59,0.5,0.52,0.28,0.5,0.0,0.55,0.25,0
1258,0.49,0.31,0.34,0.13,0.5,0.0,0.52,0.22,0
974,0.41,0.49,0.55,0.13,0.5,0.0,0.55,0.22,0
1386,0.49,0.4,0.58,0.23,0.5,0.0,0.47,0.27,0
83,0.36,0.43,0.39,0.12,0.5,0.0,0.49,0.22,0
1332,0.28,0.36,0.55,0.15,0.5,0.0,0.57,0.22,0
1214,0.28,0.37,0.61,0.09,0.5,0.0,0.52,0.55,0
1474,0.49,0.56,0.37,0.2,0.5,0.0,0.53,0.22,0
372,0.67,0.51,0.53,0.28,0.5,0.0,0.51,0.22,0
802,0.48,0.55,0.48,0.1,0.5,0.0,0.55,0.22,0
880,0.42,0.42,0.55,0.31,0.5,0.0,0.43,0.22,0
511,0.51,0.6,0.51,0.26,0.5,0.0,0.54,0.22,0
1085,0.78,0.71,0.35,0.25,0.5,0.0,0.49,0.22,0
183,0.34,0.36,0.54,0.11,0.5,0.0,0.36,0.21,0
465,0.79,0.74,0.49,0.33,0.5,0.0,0.48,0.22,0
608,0.67,0.46,0.58,0.3,0.5,0.0,0.57,0.27,0
517,0.63,0.6,0.5,0.27,0.5,0.0,0.55,0.22,0
1450,0.55,0.44,0.5,0.09,0.5,0.0,0.55,0.22,0
185,0.37,0.53,0.6,0.19,0.5,0.5,0.42,0.22,0
120,0.26,0.36,0.47,0.34,0.5,0.0,0.53,0.72,0
395,0.89,0.77,0.36,0.34,0.5,0.0,0.44,0.22,0
993,0.49,0.51,0.52,0.13,0.5,0.0,0.51,0.33,0
1025,0.49,0.46,0.54,0.18,0.5,0.0,0.35,0.22,0
1043,0.5,0.5,0.48,0.34,0.5,0.0,0.52,0.27,0
1393,0.58,0.56,0.46,0.14,0.5,0.0,0.51,0.22,0
927,0.6,0.62,0.54,0.11,0.5,0.0,0.51,0.22,0
724,0.4,0.6,0.5,0.16,0.5,0.0,0.51,0.22,0
1111,0.56,0.71,0.47,0.21,0.5,0.0,0.52,0.22,0
249,0.57,0.61,0.45,0.26,0.5,0.0,0.5,0.22,0
1306,0.51,0.42,0.56,0.38,0.5,0.0,0.46,0.22,0
1364,0.45,0.5,0.57,0.29,0.5,0.0,0.44,0.11,0
1353,0.52,0.5,0.51,0.2,0.5,0.0,0.51,0.22,0
822,0.57,0.48,0.54,0.22,0.5,0.0,0.5,0.11,0
955,0.3,0.45,0.55,0.19,0.5,0.0,0.53,0.4,0
687,0.48,0.56,0.49,0.32,0.5,0.0,0.5,0.22,0
392,0.7,0.73,0.38,0.36,0.5,0.0,0.54,0.22,0
708,0.61,0.39,0.53,0.14,0.5,0.0,0.43,0.26,0
204,0.59,0.58,0.56,0.21,0.5,0.0,0.54,0.33,0
826,0.53,0.57,0.6,0.36,0.5,0.0,0.5,0.22,0
438,0.39,0.37,0.33,0.23,0.5,0.0,0.52,0.26,0
815,0.46,0.39,0.54,0.22,0.5,0.0,0.48,0.25,0
69,0.28,0.58,0.21,0.13,0.5,0.0,0.51,0.22,0
28,0.78,0.74,0.42,0.26,0.5,0.0,0.43,0.22,0
609,0.45,0.53,0.47,0.43,0.5,0.0,0.5,0.27,0
744,0.35,0.4,0.44,0.25,0.5,0.0,0.53,0.57,0
1347,0.45,0.45,0.52,0.17,0.5,0.0,0.54,0.22,0
1468,0.55,0.35,0.36,0.29,0.5,0.0,0.51,0.22,0
1112,0.65,0.62,0.26,0.33,0.5,0.0,0.55,0.22,0
437,0.33,0.37,0.54,0.28,0.5,0.0,0.53,0.27,0
484,0.41,0.54,0.58,0.2,0.5,0.0,0.52,0.22,0
526,0.58,0.38,0.4,0.21,0.5,0.0,0.5,0.22,0
1310,0.6,0.57,0.64,0.52,0.5,0.0,0.47,0.28,0
278,0.5,0.5,0.48,0.17,0.5,0.0,0.47,0.26,0
1425,0.36,0.37,0.63,0.25,0.5,0.0,0.3,0.22,0
565,0.45,0.41,0.58,0.48,0.5,0.0,0.53,0.64,0
575,0.41,0.49,0.58,0.22,0.5,0.0,0.52,0.22,0
1449,0.55,0.49,0.6,0.18,0.5,0.0,0.51,0.22,0
887,0.47,0.55,0.57,0.17,0.5,0.0,0.52,0.66,0
569,0.25,0.36,0.58,0.3,0.5,0.0,0.58,0.31,0
1154,0.52,0.46,0.34,0.2,0.5,0.0,0.51,0.25,0
1016,0.58,0.55,0.51,0.13,0.5,0.0,0.52,0.22,0
62,0.5,0.54,0.53,0.54,0.5,0.0,0.51,0.27,0
786,0.72,0.37,0.63,0.38,0.5,0.0,0.4,0.14,0
80,0.78,0.75,0.4,0.28,0.5,0.0,0.53,0.22,0
481,0.39,0.3,0.56,0.12,0.5,0.0,0.53,0.38,0
1072,0.6,0.37,0.52,0.15,0.5,0.0,0.55,0.26,0
827,0.37,0.3,0.62,0.43,0.5,0.0,0.44,0.39,0
3,0.42,0.44,0.48,0.54,0.5,0.0,0.48,0.22,0
1059,0.49,0.36,0.47,0.28,0.5,0.0,0.56,0.54,0
299,0.49,0.42,0.54,0.17,0.5,0.0,0.5,0.36,0
312,0.38,0.49,0.61,0.13,0.5,0.0,0.54,0.22,0
308,0.58,0.48,0.56,0.1,0.5,0.0,0.46,0.25,0
1230,0.49,0.6,0.43,0.56,0.5,0.0,0.36,0.22,0
957,0.44,0.4,0.53,0.19,0.5,0.0,0.48,0.27,0
1454,0.41,0.48,0.51,0.2,0.5,0.0,0.51,0.22,0
7,0.4,0.39,0.6,0.15,0.5,0.0,0.58,0.3,0
562,0.75,0.67,0.51,0.29,0.5,0.0,0.52,0.36,0
337,0.29,0.68,0.47,0.26,0.5,0.0,0.47,0.37,0
735,0.32,0.49,0.53,0.28,0.5,0.0,0.5,0.5,0
422,0.46,0.4,0.38,0.18,0.5,0.0,0.49,0.22,0
1295,0.68,0.58,0.51,0.19,0.5,0.83,0.54,0.22,0
1130,0.38,0.37,0.36,0.14,0.5,0.0,0.54,0.22,0
1228,0.57,0.57,0.44,0.37,0.5,0.0,0.52,0.25,0
457,0.4,0.53,0.61,0.21,0.5,0.0,0.48,0.33,0
148,0.31,0.55,0.52,0.17,0.5,0.0,0.52,0.22,0
1001,0.33,0.17,0.52,0.13,0.5,0.0,0.51,0.75,0
1395,0.44,0.51,0.53,0.3,0.5,0.0,0.53,0.22,0
341,0.43,0.39,0.51,0.28,0.5,0.0,0.4,0.22,0
1135,0.47,0.4,0.63,0.19,0.5,0.0,0.52,0.32,0
1401,0.45,0.41,0.53,0.49,0.5,0.0,0.49,0.31,0
1309,0.45,0.38,0.64,0.14,0.5,0.0,0.54,0.22,0
729,0.58,0.31,0.6,0.12,0.5,0.0,0.47,0.33,0
1216,0.45,0.43,0.51,0.24,0.5,0.0,0.54,0.33,0
732,0.44,0.45,0.53,0.19,0.5,0.0,0.41,0.28,0
450,0.4,0.52,0.53,0.52,0.5,0.0,0.51,0.22,0
227,0.36,0.49,0.3,0.22,0.5,0.0,0.52,0.31,0
1143,0.29,0.26,0.43,0.17,0.5,0.0,0.55,0.3,0
331,0.61,0.57,0.45,0.21,0.5,0.0,0.5,0.42,0
698,0.58,0.53,0.33,0.26,0.5,0.0,0.51,0.22,0
891,0.4,0.43,0.36,0.33,0.5,0.0,0.51,0.22,0
1397,0.41,0.4,0.56,0.17,0.5,0.0,0.56,0.22,0
1161,0.77,0.74,0.37,0.29,0.5,0.0,0.45,0.22,0
14,0.58,0.47,0.54,0.11,0.5,0.0,0.51,0.26,0
1037,0.33,0.46,0.53,0.12,0.5,0.0,0.5,0.27,0
1223,0.54,0.38,0.52,0.18,0.5,0.0,0.48,0.22,0
495,0.36,0.38,0.56,0.44,0.5,0.0,0.48,0.22,0
794,0.4,0.45,0.61,0.29,0.5,0.0,0.44,0.22,0
1056,0.19,0.41,0.55,0.13,0.5,0.0,0.52,0.25,0
373,0.35,0.49,0.47,0.22,0.5,0.0,0.5,0.28,0
487,0.6,0.51,0.6,0.38,0.5,0.83,0.52,0.24,0
1171,0.38,0.48,0.57,0.3,0.5,0.0,0.41,0.11,0
723,0.59,0.47,0.51,0.53,0.5,0.0,0.53,0.26,0
216,0.5,0.51,0.52,0.09,0.5,0.0,0.48,0.25,0
1106,0.46,0.59,0.38,0.12,0.5,0.0,0.5,0.22,0
33,0.86,0.68,0.39,0.24,0.5,0.0,0.54,0.22,1
167,0.55,0.45,0.45,0.54,0.5,0.0,0.5,0.22,0
921,0.59,0.49,0.45,0.22,0.5,0.0,0.45,0.31,0
516,0.53,0.4,0.57,0.12,0.5,0.0,0.53,0.32,0
675,0.48,0.41,0.54,0.39,0.5,0.0,0.51,0.22,0
1227,0.72,0.62,0.34,0.29,0.5,0.0,0.56,0.28,0
1048,0.61,0.73,0.5,0.58,0.5,0.0,0.5,0.22,0
819,0.38,0.5,0.52,0.44,0.5,0.0,0.54,0.11,0
304,0.31,0.45,0.5,0.17,0.5,0.0,0.49,0.22,0
393,0.54,0.51,0.54,0.52,0.5,0.0,0.47,0.25,0
1266,0.21,0.38,0.49,0.16,0.5,0.0,0.51,0.45,0
10,0.6,0.4,0.52,0.46,0.5,0.0,0.53,0.22,0
161,0.42,0.58,0.41,0.65,0.5,0.0,0.46,0.26,0
689,0.37,0.44,0.51,0.56,0.5,0.0,0.5,0.38,0
951,0.38,0.51,0.56,0.21,0.5,0.0,0.48,0.31,0
1010,0.44,0.54,0.51,0.16,0.5,0.0,0.58,0.22,0
212,0.36,0.24,0.49,0.16,0.5,0.0,0.51,0.22,0
1166,0.74,0.75,0.45,0.44,0.5,0.0,0.52,0.22,0
947,0.7,0.58,0.53,0.39,0.5,0.0,0.59,0.22,0
260,0.35,0.36,0.57,0.17,0.5,0.0,0.52,0.22,0
469,0.43,0.39,0.59,0.13,0.5,0.0,0.41,0.43,0
82,0.36,0.58,0.35,0.24,0.5,0.0,0.44,0.22,0
1158,0.85,0.85,0.3,0.31,0.5,0.0,0.55,0.42,0
624,0.43,0.45,0.53,0.19,0.5,0.0,0.56,0.22,0
389,0.85,0.56,0.33,0.38,1.0,0.0,0.55,0.25,0
284,0.32,0.38,0.52,0.2,0.5,0.0,0.52,0.28,0
967,0.74,0.82,0.46,0.24,0.5,0.0,0.5,0.31,0
282,0.45,0.42,0.52,0.2,0.5,0.0,0.5,0.25,0
550,0.11,0.41,0.67,0.13,0.5,0.0,0.45,0.29,0
35,0.79,0.57,0.41,0.28,0.5,0.0,0.59,0.22,1
1305,0.42,0.5,0.53,0.22,0.5,0.83,0.5,0.22,0
749,0.37,0.58,0.5,0.22,0.5,0.0,0.47,0.22,0
791,0.43,0.33,0.67,0.12,0.5,0.0,0.45,0.23,0
867,0.42,0.28,0.33,0.23,0.5,0.0,0.39,0.26,0
683,0.4,0.28,0.48,0.06,0.5,0.0,0.49,0.42,0
